{
    "scholarshipQuestions" : [
        {
            "question" : "What are your career goals?",
            "answer" : "My primary career goal is to continually grow and develop my skills in [industry/field] while making meaningful contributions to the organization I work with. In the short term, I aim to [specific goal, e.g., gain hands-on experience, specialize in a certain area, etc.], which will help me build a solid foundation. Long term, I aspire to [long-term goal, e.g., lead a team, take on more strategic roles, become an expert in a certain niche, etc.]. Ultimately, I want to combine my expertise and passion to make a lasting impact and continue advancing within my career."
        },
        {
            "question" : "Do you have any volunteer experience?",
            "answer" :""
        },
        {
            "question" : "How will this scholarship help you achieve your goals?",
            "answer" : ""
        },
        {
            "question" : "Describe a time you faced a challenge. How did you overcome it?",
            "answer" : ""
        }
    ]
}